{"cameraMode":{"drawMode":0,"name":"Shaded","section":"Shading Mode"},"sceneLighting":true,"audioPlay":false,"sceneViewState":{"showFog":false,"showMaterialUpdate":false,"showSkybox":false,"showFlares":false,"showImageEffects":false,"showParticleSystems":true},"in2DMode":false,"pivot":{"x":-51.35123825073242,"y":109.6717300415039,"z":-8.472436904907227},"rotation":{"x":-0.5880689024925232,"y":-0.016020316630601884,"z":0.011650824919342995,"w":-0.8085682988166809},"size":2.8578836917877199,"orthographic":false}